<bill session="116" type="hc" number="1" updated="2019-01-11T14:56:15Z">
  <state datetime="2019-01-03T21:58:17-05:00">PASS_OVER:HOUSE</state>
  <status>
    <unknown datetime="2019-01-03T21:58:17-05:00"/>
  </status>
  <introduced datetime="2019-01-03"/>
  <titles>
    <title type="official" as="introduced">Regarding consent to assemble outside the seat of government.</title>
    <title type="display">Regarding consent to assemble outside the seat of government.</title>
  </titles>
  <sponsor bioguide_id="M000312"/>
  <cosponsors/>
  <actions>
    <action datetime="2019-01-03">
      <text>Introduced in House</text>
    </action>
    <action datetime="2019-01-03T21:57:23-05:00">
      <text>Considered as privileged matter.</text>
      <reference ref="CR H197" label="consideration"/>
    </action>
    <vote how="by voice vote" type="vote" datetime="2019-01-03T21:58:17-05:00" where="h" result="pass" state="PASS_OVER:HOUSE">
      <text>On agreeing to the resolution Agreed to by voice vote.</text>
      <reference ref="CR H197" label="text"/>
    </vote>
    <action datetime="2019-01-03T21:58:23-05:00">
      <text>Motion to reconsider laid on the table Agreed to without objection.</text>
    </action>
    <action datetime="2019-01-04">
      <text>Received in the Senate.</text>
    </action>
  </actions>
  <committees/>
  <relatedbills/>
  <subjects>
    <term name="Congress"/>
    <term name="Congressional operations and organization"/>
  </subjects>
  <amendments/>
  <summary date="2019-01-03T19:26:12Z" status="Passed House">This concurrent resolution authorizes the Speaker of the House and the Majority Leader of the Senate to assemble the House and the Senate outside the District of Columbia whenever the public interest warrants it.</summary>
  <committee-reports/>
</bill>
